Username	Type	W/L(%)	W(%)	L(%)	W(#)	L(#)	W/L(%, 2p)	W(%, 2p)	L(%, 2p)	W(#, 2p)	L(#, 2p)	W/L(%, 3p)	W(%, 3p+)	L(%, 3p+)	W(#, 3p+)	L(#, 3p+)
ADrone	Totals	29.84	22.98	77.02	441	1478	27.96	21.85	78.15	182	651	31.32	23.85	76.15	259	827
ADrone	Easy	36.55	26.77	73.23	348	952	34.07	25.41	74.59	138	405	38.39	27.74	72.26	210	547
ADrone	Null	29.51	22.78	77.22	36	122	21.28	17.54	82.46	20	94	57.14	36.36	63.64	16	28
ADrone	Single dark	14.47	12.64	87.36	57	394	16.0	13.79	86.21	24	150	13.52	11.91	88.09	33	244
ADrone	Double dark	0.0	0.0	100.0	0	10	0.0	0.0	100.0	0	2	0.0	0.0	100.0	0	8
Aluap	Totals	18.66	15.73	84.27	220	1179	14.46	12.64	87.36	70	484	21.58	17.75	82.25	150	695
Aluap	Easy	21.47	17.67	82.33	205	955	16.42	14.1	85.9	66	402	25.14	20.09	79.91	139	553
Aluap	Null	7.69	7.14	92.86	5	65	2.86	2.78	97.22	1	35	13.33	11.76	88.24	4	30
Aluap	Single dark	6.29	5.92	94.08	10	159	6.38	6.0	94.0	3	47	6.25	5.88	94.12	7	112
Aluap	Double dark	0	0	0	0	0	0	0	0	0	0	0	0	0	0	0
Anax	Totals	20.65	17.11	82.89	64	310	25.81	20.51	79.49	24	93	18.43	15.56	84.44	40	217
Anax	Easy	31.52	23.97	76.03	58	184	25.81	20.51	79.49	24	93	37.36	27.2	72.8	34	91
Anax	Null	0	0	0	0	0	0	0	0	0	0	0	0	0	0	0
Anax	Single dark	4.76	4.55	95.45	6	126	0	0	0	0	0	4.76	4.55	95.45	6	126
Anax	Double dark	0	0	0	0	0	0	0	0	0	0	0	0	0	0	0
Animex52	Totals	19.76	16.5	83.5	200	1012	19.87	16.57	83.43	30	151	19.74	16.49	83.51	170	861
Animex52	Easy	26.27	20.81	79.19	186	708	30.38	23.3	76.7	24	79	25.76	20.48	79.52	162	629
Animex52	Null	0.0	0.0	100.0	0	19	0.0	0.0	100.0	0	9	0.0	0.0	100.0	0	10
Animex52	Single dark	4.98	4.75	95.25	14	281	9.52	8.7	91.3	6	63	3.67	3.54	96.46	8	218
Animex52	Double dark	0.0	0.0	100.0	0	4	0	0	0	0	0	0.0	0.0	100.0	0	4
anser	Totals	18.43	15.56	84.44	368	1997	13.77	12.1	87.9	210	1525	33.47	25.08	74.92	158	472
anser	Easy	18.94	15.93	84.07	308	1626	13.19	11.65	88.35	165	1251	38.13	27.61	72.39	143	375
anser	Null	24.0	19.35	80.65	12	50	20.83	17.24	82.76	10	48	100.0	50.0	50.0	2	2
anser	Single dark	17.2	14.68	85.32	48	279	18.04	15.28	84.72	35	194	15.29	13.27	86.73	13	85
anser	Double dark	0.0	0.0	100.0	0	42	0.0	0.0	100.0	0	32	0.0	0.0	100.0	0	10
antitelharsic	Totals	20.94	17.32	82.68	356	1700	17.09	14.59	85.41	102	597	23.03	18.72	81.28	254	1103
antitelharsic	Easy	23.6	19.09	80.91	329	1394	18.81	15.83	84.17	95	505	26.32	20.84	79.16	234	889
antitelharsic	Null	17.46	14.86	85.14	11	63	11.9	10.64	89.36	5	42	28.57	22.22	77.78	6	21
antitelharsic	Single dark	6.61	6.2	93.8	16	242	4.08	3.92	96.08	2	49	7.25	6.76	93.24	14	193
antitelharsic	Double dark	0.0	0.0	100.0	0	1	0.0	0.0	100.0	0	1	0	0	0	0	0
aquarelle	Totals	26.22	20.78	79.22	150	572	27.6	21.63	78.37	69	250	25.16	20.1	79.9	81	322
aquarelle	Easy	32.52	24.54	75.46	120	369	40.16	28.65	71.35	49	122	28.74	22.33	77.67	71	247
aquarelle	Null	26.32	20.83	79.17	5	19	23.08	18.75	81.25	3	13	33.33	25.0	75.0	2	6
aquarelle	Single dark	13.89	12.2	87.8	25	180	15.18	13.18	86.82	17	112	11.76	10.53	89.47	8	68
aquarelle	Double dark	0.0	0.0	100.0	0	4	0.0	0.0	100.0	0	3	0.0	0.0	100.0	0	1
asaelr	Totals	27.36	21.49	78.51	1241	4535	28.7	22.3	77.7	283	986	26.99	21.26	78.74	958	3549
asaelr	Easy	35.91	26.42	73.58	994	2768	35.46	26.18	73.82	222	626	36.04	26.49	73.51	772	2142
asaelr	Null	27.78	21.74	78.26	30	108	25.0	20.0	80.0	5	20	28.41	22.12	77.88	25	88
asaelr	Single dark	13.62	11.98	88.02	215	1579	17.35	14.78	85.22	55	317	12.68	11.25	88.75	160	1262
asaelr	Double dark	2.5	2.44	97.56	2	80	4.35	4.17	95.83	1	23	1.75	1.72	98.28	1	57
Asddsa76	Totals	22.98	18.69	81.31	205	892	10.0	9.09	90.91	2	20	23.28	18.88	81.12	203	872
Asddsa76	Easy	30.36	23.29	76.71	187	616	15.38	13.33	86.67	2	13	30.68	23.48	76.52	185	603
Asddsa76	Null	0	0	0	0	0	0	0	0	0	0	0	0	0	0	0
Asddsa76	Single dark	7.73	7.17	92.83	18	233	0.0	0.0	100.0	0	7	7.96	7.38	92.62	18	226
Asddsa76	Double dark	0.0	0.0	100.0	0	43	0	0	0	0	0	0.0	0.0	100.0	0	43
avanderwalde	Totals	28.07	21.91	78.09	412	1468	35.43	26.16	73.84	62	175	27.07	21.3	78.7	350	1293
avanderwalde	Easy	41.06	29.11	70.89	294	716	34.18	25.47	74.53	27	79	41.92	29.54	70.46	267	637
avanderwalde	Null	54.64	35.33	64.67	53	97	71.43	41.67	58.33	25	35	45.16	31.11	68.89	28	62
avanderwalde	Single dark	10.12	9.19	90.81	65	642	16.39	14.08	85.92	10	61	9.47	8.65	91.35	55	581
avanderwalde	Double dark	0.0	0.0	100.0	0	13	0	0	0	0	0	0.0	0.0	100.0	0	13
BlueNovember	Totals	22.64	18.46	81.54	304	1343	21.09	17.42	82.58	166	787	24.82	19.88	80.12	138	556
BlueNovember	Easy	26.38	20.88	79.12	281	1065	23.5	19.03	80.97	149	634	30.63	23.45	76.55	132	431
BlueNovember	Null	19.61	16.39	83.61	10	51	19.51	16.33	83.67	8	41	20.0	16.67	83.33	2	10
BlueNovember	Single dark	5.83	5.51	94.49	13	223	8.26	7.63	92.37	9	109	3.51	3.39	96.61	4	114
BlueNovember	Double dark	0.0	0.0	100.0	0	4	0.0	0.0	100.0	0	3	0.0	0.0	100.0	0	1
bjnh	Totals	22.99	18.69	81.31	203	883	17.74	15.07	84.93	11	62	23.39	18.95	81.05	192	821
bjnh	Easy	29.59	22.83	77.17	166	561	19.15	16.07	83.93	9	47	30.54	23.4	76.6	157	514
bjnh	Null	20.0	16.67	83.33	1	5	0	0	0	0	0	20.0	16.67	83.33	1	5
bjnh	Single dark	11.39	10.23	89.77	36	316	13.33	11.76	88.24	2	15	11.3	10.15	89.85	34	301
bjnh	Double dark	0.0	0.0	100.0	0	1	0	0	0	0	0	0.0	0.0	100.0	0	1
boba	Totals	24.88	19.92	80.08	305	1226	28.95	22.45	77.55	205	708	19.31	16.18	83.82	100	518
boba	Easy	35.26	26.07	73.93	256	726	45.36	31.2	68.8	166	366	25.0	20.0	80.0	90	360
boba	Null	12.73	11.29	88.71	7	55	11.36	10.2	89.8	5	44	18.18	15.38	84.62	2	11
boba	Single dark	10.07	9.15	90.85	42	417	12.14	10.83	89.17	34	280	5.84	5.52	94.48	8	137
boba	Double dark	0.0	0.0	100.0	0	28	0.0	0.0	100.0	0	18	0.0	0.0	100.0	0	10
Bonja97	Totals	21.07	17.41	82.59	275	1305	28.0	21.88	78.12	7	25	20.94	17.31	82.69	268	1280
Bonja97	Easy	28.74	22.33	77.67	240	835	28.0	21.88	78.12	7	25	28.77	22.34	77.66	233	810
Bonja97	Null	20.0	16.67	83.33	5	25	0	0	0	0	0	20.0	16.67	83.33	5	25
Bonja97	Single dark	6.82	6.38	93.62	30	440	0	0	0	0	0	6.82	6.38	93.62	30	440
Bonja97	Double dark	0.0	0.0	100.0	0	5	0	0	0	0	0	0.0	0.0	100.0	0	5
Bot-Fiora	Totals	20.64	17.11	82.89	77	373	50.0	33.33	66.67	1	2	20.49	17.0	83.0	76	371
Bot-Fiora	Easy	30.59	23.43	76.57	67	219	100.0	50.0	50.0	1	1	30.28	23.24	76.76	66	218
Bot-Fiora	Null	2.94	2.86	97.14	1	34	0.0	0.0	100.0	0	1	3.03	2.94	97.06	1	33
Bot-Fiora	Single dark	7.69	7.14	92.86	9	117	0	0	0	0	0	7.69	7.14	92.86	9	117
Bot-Fiora	Double dark	0.0	0.0	100.0	0	3	0	0	0	0	0	0.0	0.0	100.0	0	3
CaitlinSmith	Totals	13.59	11.97	88.03	126	927	14.71	12.82	87.18	45	306	13.04	11.54	88.46	81	621
CaitlinSmith	Easy	16.9	14.46	85.54	120	710	14.77	12.87	87.13	44	298	18.45	15.57	84.43	76	412
CaitlinSmith	Null	0.0	0.0	100.0	0	2	0	0	0	0	0	0.0	0.0	100.0	0	2
CaitlinSmith	Single dark	2.79	2.71	97.29	6	215	12.5	11.11	88.89	1	8	2.42	2.36	97.64	5	207
CaitlinSmith	Double dark	0	0	0	0	0	0	0	0	0	0	0	0	0	0	0
catula	Totals	18.77	15.8	84.2	189	1007	23.33	18.92	81.08	35	150	17.97	15.23	84.77	154	857
catula	Easy	24.13	19.44	80.56	167	692	30.0	23.08	76.92	30	100	23.14	18.79	81.21	137	592
catula	Null	100.0	50.0	50.0	1	1	0	0	0	0	0	100.0	50.0	50.0	1	1
catula	Single dark	6.77	6.34	93.66	21	310	10.0	9.09	90.91	5	50	6.15	5.8	94.2	16	260
catula	Double dark	0.0	0.0	100.0	0	4	0	0	0	0	0	0.0	0.0	100.0	0	4
ChristopheAF	Totals	19.07	16.02	83.98	288	1510	22.0	18.03	81.97	11	50	18.97	15.95	84.05	277	1460
ChristopheAF	Easy	23.32	18.91	81.09	246	1055	23.91	19.3	80.7	11	46	23.29	18.89	81.11	235	1009
ChristopheAF	Null	16.67	14.29	85.71	10	60	0	0	0	0	0	16.67	14.29	85.71	10	60
ChristopheAF	Single dark	8.47	7.8	92.2	32	378	0.0	0.0	100.0	0	4	8.56	7.88	92.12	32	374
ChristopheAF	Double dark	0.0	0.0	100.0	0	17	0	0	0	0	0	0.0	0.0	100.0	0	17
cockdestroyer	Totals	21.46	17.67	82.33	223	1039	33.33	25.0	75.0	58	174	19.08	16.02	83.98	165	865
cockdestroyer	Easy	28.08	21.92	78.08	178	634	46.25	31.62	68.38	37	80	25.45	20.29	79.71	141	554
cockdestroyer	Null	27.59	21.62	78.38	8	29	36.36	26.67	73.33	4	11	22.22	18.18	81.82	4	18
cockdestroyer	Single dark	10.0	9.09	90.91	37	370	20.48	17.0	83.0	17	83	6.97	6.51	93.49	20	287
cockdestroyer	Double dark	0.0	0.0	100.0	0	6	0	0	0	0	0	0.0	0.0	100.0	0	6
colton	Totals	26.95	21.23	78.77	159	590	32.99	24.81	75.19	64	194	23.99	19.35	80.65	95	396
colton	Easy	34.69	25.75	74.25	128	369	36.67	26.83	73.17	44	120	33.73	25.23	74.77	84	249
colton	Null	0.0	0.0	100.0	0	7	0	0	0	0	0	0.0	0.0	100.0	0	7
colton	Single dark	14.8	12.89	87.11	29	196	28.12	21.95	78.05	18	64	8.33	7.69	92.31	11	132
colton	Double dark	11.11	10.0	90.0	2	18	20.0	16.67	83.33	2	10	0.0	0.0	100.0	0	8
corys	Totals	35.66	26.29	73.71	51	143	9.09	8.33	91.67	1	11	37.88	27.47	72.53	50	132
corys	Easy	41.13	29.14	70.86	51	124	9.09	8.33	91.67	1	11	44.25	30.67	69.33	50	113
corys	Null	0.0	0.0	100.0	0	3	0	0	0	0	0	0.0	0.0	100.0	0	3
corys	Single dark	0.0	0.0	100.0	0	16	0	0	0	0	0	0.0	0.0	100.0	0	16
corys	Double dark	0	0	0	0	0	0	0	0	0	0	0	0	0	0	0
Cynas	Totals	51.83	34.14	65.86	85	164	28.57	22.22	77.78	4	14	54.0	35.06	64.94	81	150
Cynas	Easy	54.61	35.32	64.68	83	152	28.57	22.22	77.78	4	14	57.25	36.41	63.59	79	138
Cynas	Null	0	0	0	0	0	0	0	0	0	0	0	0	0	0	0
Cynas	Single dark	16.67	14.29	85.71	2	12	0	0	0	0	0	16.67	14.29	85.71	2	12
Cynas	Double dark	0	0	0	0	0	0	0	0	0	0	0	0	0	0	0
Damian000	Totals	28.57	22.22	77.78	60	210	33.33	25.0	75.0	6	18	28.12	21.95	78.05	54	192
Damian000	Easy	31.35	23.87	76.13	58	185	33.33	25.0	75.0	6	18	31.14	23.74	76.26	52	167
Damian000	Null	0	0	0	0	0	0	0	0	0	0	0	0	0	0	0
Damian000	Single dark	8.0	7.41	92.59	2	25	0	0	0	0	0	8.0	7.41	92.59	2	25
Damian000	Double dark	0	0	0	0	0	0	0	0	0	0	0	0	0	0	0
DarthGandalf	Totals	18.54	15.64	84.36	76	410	24.77	19.85	80.15	27	109	16.28	14.0	86.0	49	301
DarthGandalf	Easy	24.91	19.94	80.06	70	281	33.78	25.25	74.75	25	74	21.74	17.86	82.14	45	207
DarthGandalf	Null	0	0	0	0	0	0	0	0	0	0	0	0	0	0	0
DarthGandalf	Single dark	5.0	4.76	95.24	6	120	7.14	6.67	93.33	2	28	4.35	4.17	95.83	4	92
DarthGandalf	Double dark	0.0	0.0	100.0	0	9	0.0	0.0	100.0	0	7	0.0	0.0	100.0	0	2
Daryl	Totals	29.56	22.81	77.19	60	203	25.0	20.0	80.0	2	8	29.74	22.92	77.08	58	195
Daryl	Easy	34.94	25.89	74.11	58	166	14.29	12.5	87.5	1	7	35.85	26.39	73.61	57	159
Daryl	Null	0	0	0	0	0	0	0	0	0	0	0	0	0	0	0
Daryl	Single dark	5.41	5.13	94.87	2	37	100.0	50.0	50.0	1	1	2.78	2.7	97.3	1	36
Daryl	Double dark	0	0	0	0	0	0	0	0	0	0	0	0	0	0	0
Denchulitas	Totals	21.18	17.48	82.52	136	642	17.78	15.09	84.91	8	45	21.44	17.66	82.34	128	597
Denchulitas	Easy	27.12	21.34	78.66	115	424	15.79	13.64	86.36	3	19	27.65	21.66	78.34	112	405
Denchulitas	Null	0	0	0	0	0	0	0	0	0	0	0	0	0	0	0
Denchulitas	Single dark	10.1	9.17	90.83	21	208	25.0	20.0	80.0	5	20	8.51	7.84	92.16	16	188
Denchulitas	Double dark	0.0	0.0	100.0	0	10	0.0	0.0	100.0	0	6	0.0	0.0	100.0	0	4
derekcheah	Totals	22.29	18.23	81.77	517	2319	22.86	18.61	81.39	115	503	22.14	18.12	81.88	402	1816
derekcheah	Easy	29.39	22.72	77.28	378	1286	35.44	26.17	73.83	84	237	28.03	21.89	78.11	294	1049
derekcheah	Null	7.5	6.98	93.02	3	40	0	0	0	0	0	7.5	6.98	93.02	3	40
derekcheah	Single dark	13.84	12.15	87.85	136	983	11.7	10.47	89.53	31	265	14.62	12.76	87.24	105	718
derekcheah	Double dark	0.0	0.0	100.0	0	10	0.0	0.0	100.0	0	1	0.0	0.0	100.0	0	9
Div	Totals	18.32	15.48	84.52	109	595	28.57	22.22	77.78	22	77	16.8	14.38	85.62	87	518
Div	Easy	19.75	16.49	83.51	94	476	27.78	21.74	78.26	20	72	18.32	15.48	84.52	74	404
Div	Null	0.0	0.0	100.0	0	2	0	0	0	0	0	0.0	0.0	100.0	0	2
Div	Single dark	12.82	11.36	88.64	15	117	40.0	28.57	71.43	2	5	11.61	10.4	89.6	13	112
Div	Double dark	0	0	0	0	0	0	0	0	0	0	0	0	0	0	0
dj.narayanan	Totals	13.49	11.89	88.11	233	1727	11.61	10.4	89.6	135	1163	17.38	14.8	85.2	98	564
dj.narayanan	Easy	20.44	16.97	83.03	175	856	17.13	14.62	85.38	93	543	26.2	20.76	79.24	82	313
dj.narayanan	Null	9.09	8.33	91.67	5	55	9.09	8.33	91.67	4	44	9.09	8.33	91.67	1	11
dj.narayanan	Single dark	6.79	6.35	93.65	53	781	6.95	6.5	93.5	38	547	6.41	6.02	93.98	15	234
dj.narayanan	Double dark	0.0	0.0	100.0	0	35	0.0	0.0	100.0	0	29	0.0	0.0	100.0	0	6
dmigor3	Totals	38.1	27.59	72.41	128	336	42.27	29.71	70.29	82	194	32.39	24.47	75.53	46	142
dmigor3	Easy	41.11	29.14	70.86	118	287	42.08	29.62	70.38	77	183	39.42	28.28	71.72	41	104
dmigor3	Null	31.25	23.81	76.19	5	16	100.0	50.0	50.0	2	2	21.43	17.65	82.35	3	14
dmigor3	Single dark	15.15	13.16	86.84	5	33	33.33	25.0	75.0	3	9	8.33	7.69	92.31	2	24
dmigor3	Double dark	0	0	0	0	0	0	0	0	0	0	0	0	0	0	0
dobi	Totals	21.81	17.91	82.09	260	1192	18.54	15.64	84.36	28	151	22.29	18.22	81.78	232	1041
dobi	Easy	33.14	24.89	75.11	168	507	36.67	26.83	73.17	11	30	32.91	24.76	75.24	157	477
dobi	Null	18.92	15.91	84.09	7	37	0.0	0.0	100.0	0	1	19.44	16.28	83.72	7	36
dobi	Single dark	13.1	11.59	88.41	84	641	14.17	12.41	87.59	17	120	12.86	11.39	88.61	67	521
dobi	Double dark	14.29	12.5	87.5	1	7	0	0	0	0	0	14.29	12.5	87.5	1	7
Dr_Kakashi	Totals	15.77	13.62	86.38	1320	8369	12.17	10.85	89.15	473	3887	18.9	15.89	84.11	847	4482
Dr_Kakashi	Easy	23.23	18.85	81.15	1017	4378	21.74	17.86	82.14	352	1619	24.1	19.42	80.58	665	2759
Dr_Kakashi	Null	11.85	10.59	89.41	50	422	10.55	9.54	90.46	27	256	13.86	12.17	87.83	23	166
Dr_Kakashi	Single dark	10.29	9.33	90.67	202	1963	7.62	7.08	92.92	50	656	11.63	10.42	89.58	152	1307
Dr_Kakashi	Double dark	3.18	3.08	96.92	51	1606	3.24	3.14	96.86	44	1356	2.8	2.72	97.28	7	250
duckington	Totals	11.81	10.56	89.44	15	127	0	0	0	0	0	11.81	10.56	89.44	15	127
duckington	Easy	15.94	13.75	86.25	11	69	0	0	0	0	0	15.94	13.75	86.25	11	69
duckington	Null	0.0	0.0	100.0	0	14	0	0	0	0	0	0.0	0.0	100.0	0	14
duckington	Single dark	9.09	8.33	91.67	4	44	0	0	0	0	0	9.09	8.33	91.67	4	44
duckington	Double dark	0	0	0	0	0	0	0	0	0	0	0	0	0	0	0
duckless	Totals	15.75	13.61	86.39	23	146	50.0	33.33	66.67	4	8	13.77	12.1	87.9	19	138
duckless	Easy	20.41	16.95	83.05	20	98	66.67	40.0	60.0	4	6	17.39	14.81	85.19	16	92
duckless	Null	0.0	0.0	100.0	0	4	0	0	0	0	0	0.0	0.0	100.0	0	4
duckless	Single dark	7.32	6.82	93.18	3	41	0.0	0.0	100.0	0	1	7.5	6.98	93.02	3	40
duckless	Double dark	0.0	0.0	100.0	0	3	0.0	0.0	100.0	0	1	0.0	0.0	100.0	0	2
duckmammal	Totals	17.65	15.0	85.0	99	561	35.14	26.0	74.0	13	37	16.41	14.1	85.9	86	524
duckmammal	Easy	23.23	18.85	81.15	92	396	52.17	34.29	65.71	12	23	21.45	17.66	82.34	80	373
duckmammal	Null	9.09	8.33	91.67	1	11	0.0	0.0	100.0	0	1	10.0	9.09	90.91	1	10
duckmammal	Single dark	4.26	4.08	95.92	6	141	16.67	14.29	85.71	1	6	3.7	3.57	96.43	5	135
duckmammal	Double dark	0.0	0.0	100.0	0	13	0.0	0.0	100.0	0	7	0.0	0.0	100.0	0	6
duckmedic	Totals	18.6	15.68	84.32	53	285	0.0	0.0	100.0	0	2	18.73	15.77	84.23	53	283
duckmedic	Easy	19.84	16.56	83.44	51	257	0.0	0.0	100.0	0	2	20.0	16.67	83.33	51	255
duckmedic	Null	25.0	20.0	80.0	1	4	0	0	0	0	0	25.0	20.0	80.0	1	4
duckmedic	Single dark	4.17	4.0	96.0	1	24	0	0	0	0	0	4.17	4.0	96.0	1	24
duckmedic	Double dark	0	0	0	0	0	0	0	0	0	0	0	0	0	0	0
Durandal	Totals	16.18	13.92	86.08	314	1941	16.59	14.23	85.77	306	1844	8.25	7.62	92.38	8	97
Durandal	Easy	31.29	23.83	76.17	250	799	33.99	25.37	74.63	242	712	9.2	8.42	91.58	8	87
Durandal	Null	4.82	4.6	95.4	4	83	4.82	4.6	95.4	4	83	0	0	0	0	0
Durandal	Single dark	6.28	5.91	94.09	60	956	6.34	5.96	94.04	60	946	0.0	0.0	100.0	0	10
Durandal	Double dark	0.0	0.0	100.0	0	103	0.0	0.0	100.0	0	103	0	0	0	0	0
eliclax	Totals	20.79	17.21	82.79	84	404	17.33	14.77	85.23	13	75	21.58	17.75	82.25	71	329
eliclax	Easy	26.17	20.74	79.26	78	298	17.39	14.81	85.19	12	69	28.82	22.37	77.63	66	229
eliclax	Null	0.0	0.0	100.0	0	3	0	0	0	0	0	0.0	0.0	100.0	0	3
eliclax	Single dark	5.88	5.56	94.44	6	102	16.67	14.29	85.71	1	6	5.21	4.95	95.05	5	96
eliclax	Double dark	0.0	0.0	100.0	0	1	0	0	0	0	0	0.0	0.0	100.0	0	1
emilyzhao	Totals	24.14	19.44	80.56	273	1131	24.5	19.68	80.32	136	555	23.78	19.21	80.79	137	576
emilyzhao	Easy	30.29	23.25	76.75	199	657	30.04	23.1	76.9	79	263	30.46	23.35	76.65	120	394
emilyzhao	Null	23.53	19.05	80.95	4	17	30.0	23.08	76.92	3	10	14.29	12.5	87.5	1	7
emilyzhao	Single dark	15.32	13.28	86.72	70	457	19.15	16.07	83.93	54	282	9.14	8.38	91.62	16	175
emilyzhao	Double dark	0	0	0	0	0	0	0	0	0	0	0	0	0	0	0
FerKeth	Totals	17.45	14.86	85.14	37	212	26.92	21.21	78.79	7	26	16.13	13.89	86.11	30	186
FerKeth	Easy	20.45	16.98	83.02	36	176	31.82	24.14	75.86	7	22	18.83	15.85	84.15	29	154
FerKeth	Null	0	0	0	0	0	0	0	0	0	0	0	0	0	0	0
FerKeth	Single dark	2.78	2.7	97.3	1	36	0.0	0.0	100.0	0	4	3.12	3.03	96.97	1	32
FerKeth	Double dark	0	0	0	0	0	0	0	0	0	0	0	0	0	0	0
Fey	Totals	33.28	24.97	75.03	838	2518	34.7	25.76	74.24	305	879	32.52	24.54	75.46	533	1639
Fey	Easy	42.94	30.04	69.96	751	1749	46.39	31.69	68.31	276	595	41.16	29.16	70.84	475	1154
Fey	Null	12.5	11.11	88.89	3	24	5.56	5.26	94.74	1	18	33.33	25.0	75.0	2	6
Fey	Single dark	11.73	10.5	89.5	84	716	11.16	10.04	89.96	28	251	12.04	10.75	89.25	56	465
Fey	Double dark	0.0	0.0	100.0	0	29	0.0	0.0	100.0	0	15	0.0	0.0	100.0	0	14
Fireheart	Totals	18.49	15.6	84.4	1426	7714	16.44	14.12	85.88	724	4404	21.21	17.5	82.5	702	3310
Fireheart	Easy	29.38	22.71	77.29	974	3315	29.1	22.54	77.46	447	1536	29.62	22.85	77.15	527	1779
Fireheart	Null	17.78	15.09	84.91	88	495	21.58	17.75	82.25	52	241	14.17	12.41	87.59	36	254
Fireheart	Single dark	11.86	10.6	89.4	338	2850	12.03	10.74	89.26	199	1654	11.62	10.41	89.59	139	1196
Fireheart	Double dark	2.47	2.41	97.59	26	1054	2.67	2.6	97.4	26	973	0.0	0.0	100.0	0	81
fishcat	Totals	26.25	20.79	79.21	194	739	23.72	19.17	80.83	79	333	28.33	22.07	77.93	115	406
fishcat	Easy	30.88	23.6	76.4	147	476	30.25	23.22	76.78	49	162	31.21	23.79	76.21	98	314
fishcat	Null	25.0	20.0	80.0	3	12	0	0	0	0	0	25.0	20.0	80.0	3	12
fishcat	Single dark	18.11	15.33	84.67	44	243	18.07	15.31	84.69	30	166	18.18	15.38	84.62	14	77
fishcat	Double dark	0.0	0.0	100.0	0	8	0.0	0.0	100.0	0	5	0.0	0.0	100.0	0	3
Floriman	Totals	25.28	20.18	79.82	784	3101	26.67	21.05	78.95	60	225	25.17	20.11	79.89	724	2876
Floriman	Easy	34.24	25.5	74.5	620	1811	40.0	28.57	71.43	48	120	33.83	25.28	74.72	572	1691
Floriman	Null	25.49	20.31	79.69	26	102	6.25	5.88	94.12	2	32	34.29	25.53	74.47	24	70
Floriman	Single dark	12.22	10.89	89.11	133	1088	14.08	12.35	87.65	10	71	12.09	10.79	89.21	123	1017
Floriman	Double dark	5.0	4.76	95.24	5	100	0.0	0.0	100.0	0	2	5.1	4.85	95.15	5	98
florrat2	Totals	5.76	5.45	94.55	1116	19377	5.36	5.09	94.91	379	7073	5.99	5.65	94.35	737	12304
florrat2	Easy	8.3	7.67	92.33	948	11415	6.89	6.45	93.55	334	4846	9.35	8.55	91.45	614	6569
florrat2	Null	10.0	9.09	90.91	3	30	0.0	0.0	100.0	0	1	10.34	9.38	90.62	3	29
florrat2	Single dark	2.1	2.05	97.95	161	7681	1.99	1.95	98.05	44	2216	2.14	2.1	97.9	117	5465
florrat2	Double dark	1.59	1.57	98.43	4	251	10.0	9.09	90.91	1	10	1.24	1.23	98.77	3	241
hakha3	Totals	27.2	21.39	78.61	247	908	29.36	22.7	77.3	69	235	26.45	20.92	79.08	178	673
hakha3	Easy	35.51	26.21	73.79	190	535	32.2	24.36	75.64	57	177	37.15	27.09	72.91	133	358
hakha3	Null	12.82	11.36	88.64	5	39	22.22	18.18	81.82	4	18	4.76	4.55	95.45	1	21
hakha3	Single dark	16.1	13.87	86.13	52	323	20.0	16.67	83.33	8	40	15.55	13.46	86.54	44	283
hakha3	Double dark	0.0	0.0	100.0	0	11	0	0	0	0	0	0.0	0.0	100.0	0	11
HariKrishnan	Totals	31.47	23.94	76.06	62	197	16.67	14.29	85.71	1	6	31.94	24.21	75.79	61	191
HariKrishnan	Easy	36.26	26.61	73.39	62	171	16.67	14.29	85.71	1	6	36.97	26.99	73.01	61	165
HariKrishnan	Null	0	0	0	0	0	0	0	0	0	0	0	0	0	0	0
HariKrishnan	Single dark	0.0	0.0	100.0	0	26	0	0	0	0	0	0.0	0.0	100.0	0	26
HariKrishnan	Double dark	0	0	0	0	0	0	0	0	0	0	0	0	0	0	0
HelanaAshryvr	Totals	18.65	15.72	84.28	600	3218	18.98	15.95	84.05	325	1712	18.26	15.44	84.56	275	1506
HelanaAshryvr	Easy	28.99	22.47	77.53	476	1642	35.76	26.34	73.66	246	688	24.11	19.43	80.57	230	954
HelanaAshryvr	Null	13.57	11.95	88.05	27	199	9.84	8.96	91.04	12	122	19.48	16.3	83.7	15	77
HelanaAshryvr	Single dark	7.4	6.89	93.11	97	1311	7.97	7.38	92.62	67	841	6.38	6.0	94.0	30	470
HelanaAshryvr	Double dark	0.0	0.0	100.0	0	66	0.0	0.0	100.0	0	61	0.0	0.0	100.0	0	5
IAMJEFF	Totals	16.72	14.32	85.68	1063	6358	14.69	12.81	87.19	531	3614	19.39	16.24	83.76	532	2744
IAMJEFF	Easy	25.47	20.3	79.7	739	2901	26.44	20.91	79.09	349	1320	24.67	19.79	80.21	390	1581
IAMJEFF	Null	17.89	15.18	84.82	85	475	20.0	16.67	83.33	51	255	15.45	13.39	86.61	34	220
IAMJEFF	Single dark	10.32	9.35	90.65	218	2113	8.87	8.15	91.85	110	1240	12.37	11.01	88.99	108	873
IAMJEFF	Double dark	2.42	2.36	97.64	21	869	2.63	2.56	97.44	21	799	0.0	0.0	100.0	0	70
indego	Totals	11.8	10.55	89.45	532	4510	9.39	8.58	91.42	174	1854	13.48	11.88	88.12	358	2656
indego	Easy	17.79	15.11	84.89	326	1832	20.22	16.82	83.18	75	371	17.18	14.66	85.34	251	1461
indego	Null	13.51	11.9	88.1	35	259	7.8	7.24	92.76	11	141	20.34	16.9	83.1	24	118
indego	Single dark	7.68	7.13	92.87	163	2123	7.56	7.03	92.97	81	1072	7.8	7.24	92.76	82	1051
indego	Double dark	2.7	2.63	97.37	8	296	2.59	2.53	97.47	7	270	3.85	3.7	96.3	1	26
Instantiation	Totals	25.14	20.09	79.91	182	724	0.0	0.0	100.0	0	1	25.17	20.11	79.89	182	723
Instantiation	Easy	31.84	24.15	75.85	171	537	0.0	0.0	100.0	0	1	31.9	24.19	75.81	171	536
Instantiation	Null	0	0	0	0	0	0	0	0	0	0	0	0	0	0	0
Instantiation	Single dark	12.22	10.89	89.11	11	90	0	0	0	0	0	12.22	10.89	89.11	11	90
Instantiation	Double dark	0.0	0.0	100.0	0	97	0	0	0	0	0	0.0	0.0	100.0	0	97
invarse	Totals	21.1	17.43	82.57	256	1213	19.43	16.27	83.73	130	669	23.16	18.81	81.19	126	544
invarse	Easy	29.21	22.61	77.39	203	695	26.29	20.81	79.19	92	350	32.17	24.34	75.66	111	345
invarse	Null	16.5	14.17	85.83	17	103	16.09	13.86	86.14	14	87	18.75	15.79	84.21	3	16
invarse	Single dark	8.96	8.22	91.78	36	402	10.96	9.88	90.12	24	219	6.56	6.15	93.85	12	183
invarse	Double dark	0.0	0.0	100.0	0	13	0.0	0.0	100.0	0	13	0	0	0	0	0
IsabeltheCat	Totals	17.39	14.81	85.19	237	1363	19.06	16.01	83.99	81	425	16.63	14.26	85.74	156	938
IsabeltheCat	Easy	22.62	18.45	81.55	200	884	24.63	19.76	80.24	67	272	21.73	17.85	82.15	133	612
IsabeltheCat	Null	0.0	0.0	100.0	0	5	0.0	0.0	100.0	0	2	0.0	0.0	100.0	0	3
IsabeltheCat	Single dark	7.91	7.33	92.67	37	468	9.27	8.48	91.52	14	151	7.26	6.76	93.24	23	317
IsabeltheCat	Double dark	0.0	0.0	100.0	0	6	0	0	0	0	0	0.0	0.0	100.0	0	6
jack67889	Totals	25.83	20.53	79.47	350	1355	34.55	25.68	74.32	19	55	25.46	20.29	79.71	331	1300
jack67889	Easy	34.92	25.88	74.12	286	819	44.44	30.77	69.23	16	36	34.48	25.64	74.36	270	783
jack67889	Null	18.0	15.25	84.75	9	50	0	100.0	0.0	1	0	16.0	13.79	86.21	8	50
jack67889	Single dark	11.55	10.36	89.64	55	476	10.53	9.52	90.48	2	19	11.6	10.39	89.61	53	457
jack67889	Double dark	0.0	0.0	100.0	0	10	0	0	0	0	0	0.0	0.0	100.0	0	10
Jake_Stiles	Totals	18.51	15.62	84.38	639	3452	17.23	14.7	85.3	372	2159	20.65	17.12	82.88	267	1293
Jake_Stiles	Easy	25.96	20.61	79.39	547	2107	24.75	19.84	80.16	319	1289	27.87	21.8	78.2	228	818
Jake_Stiles	Null	7.69	7.14	92.86	7	91	8.0	7.41	92.59	4	50	7.32	6.82	93.18	3	41
Jake_Stiles	Single dark	6.89	6.45	93.55	85	1233	6.04	5.7	94.3	49	811	8.53	7.86	92.14	36	422
Jake_Stiles	Double dark	0.0	0.0	100.0	0	21	0.0	0.0	100.0	0	9	0.0	0.0	100.0	0	12
jeff10	Totals	15.96	13.77	86.23	197	1234	14.1	12.36	87.64	32	227	16.39	14.08	85.92	165	1007
jeff10	Easy	21.22	17.51	82.49	156	735	23.02	18.71	81.29	29	126	20.85	17.26	82.74	127	609
jeff10	Null	20.0	16.67	83.33	8	40	0.0	0.0	100.0	0	6	23.53	19.05	80.95	8	34
jeff10	Single dark	8.31	7.67	92.33	33	397	7.5	6.98	93.02	3	40	8.4	7.75	92.25	30	357
jeff10	Double dark	0.0	0.0	100.0	0	62	0.0	0.0	100.0	0	55	0.0	0.0	100.0	0	7
katian	Totals	18.29	15.46	84.54	163	891	20.97	17.33	82.67	39	186	17.59	14.96	85.04	124	705
katian	Easy	22.72	18.51	81.49	132	581	27.27	21.43	78.57	30	110	21.66	17.8	82.2	102	471
katian	Null	15.0	13.04	86.96	6	40	10.0	9.09	90.91	1	10	16.67	14.29	85.71	5	30
katian	Single dark	9.33	8.53	91.47	25	268	12.12	10.81	89.19	8	66	8.42	7.76	92.24	17	202
katian	Double dark	0.0	0.0	100.0	0	2	0	0	0	0	0	0.0	0.0	100.0	0	2
Kernel	Totals	24.38	19.6	80.4	79	324	17.65	15.0	85.0	6	34	25.17	20.11	79.89	73	290
Kernel	Easy	29.92	23.03	76.97	76	254	25.0	20.0	80.0	6	24	30.43	23.33	76.67	70	230
Kernel	Null	0	0	0	0	0	0	0	0	0	0	0	0	0	0	0
Kernel	Single dark	4.29	4.11	95.89	3	70	0.0	0.0	100.0	0	10	5.0	4.76	95.24	3	60
Kernel	Double dark	0	0	0	0	0	0	0	0	0	0	0	0	0	0	0
kimbifille	Totals	17.44	14.85	85.15	965	5534	13.3	11.74	88.26	385	2895	21.98	18.02	81.98	580	2639
kimbifille	Easy	31.81	24.13	75.87	688	2163	30.28	23.24	76.76	268	885	32.86	24.73	75.27	420	1278
kimbifille	Null	21.78	17.88	82.12	49	225	10.91	9.84	90.16	12	110	32.17	24.34	75.66	37	115
kimbifille	Single dark	11.0	9.91	90.09	172	1563	9.28	8.49	91.51	62	668	12.29	10.95	89.05	110	895
kimbifille	Double dark	3.54	3.42	96.58	56	1583	3.49	3.37	96.63	43	1232	3.7	3.57	96.43	13	351
kopen	Totals	20.95	17.32	82.68	274	1308	24.44	19.64	80.36	66	270	20.04	16.69	83.31	208	1038
kopen	Easy	28.86	22.39	77.61	217	752	34.46	25.63	74.37	51	148	27.48	21.56	78.44	166	604
kopen	Null	7.02	6.56	93.44	4	57	9.09	8.33	91.67	1	11	6.52	6.12	93.88	3	46
kopen	Single dark	10.53	9.52	90.48	52	494	12.73	11.29	88.71	14	110	9.9	9.0	91.0	38	384
kopen	Double dark	20.0	16.67	83.33	1	5	0.0	0.0	100.0	0	1	25.0	20.0	80.0	1	4
ksfortson	Totals	23.1	18.76	81.24	240	1039	32.69	24.64	75.36	17	52	22.59	18.43	81.57	223	987
ksfortson	Easy	28.52	22.19	77.81	229	803	35.42	26.15	73.85	17	48	28.08	21.92	78.08	212	755
ksfortson	Null	6.25	5.88	94.12	1	16	0	0	0	0	0	6.25	5.88	94.12	1	16
ksfortson	Single dark	4.57	4.37	95.63	10	219	0.0	0.0	100.0	0	4	4.65	4.44	95.56	10	215
ksfortson	Double dark	0.0	0.0	100.0	0	1	0	0	0	0	0	0.0	0.0	100.0	0	1
Kyle	Totals	20.33	16.89	83.11	1175	5780	19.81	16.54	83.46	212	1070	20.45	16.98	83.02	963	4710
Kyle	Easy	28.29	22.05	77.95	955	3376	31.44	23.92	76.08	166	528	27.7	21.69	78.31	789	2848
Kyle	Null	14.44	12.62	87.38	40	277	11.57	10.37	89.63	14	121	16.67	14.29	85.71	26	156
Kyle	Single dark	8.82	8.11	91.89	180	2040	7.98	7.39	92.61	32	401	9.03	8.28	91.72	148	1639
Kyle	Double dark	0.0	0.0	100.0	0	87	0.0	0.0	100.0	0	20	0.0	0.0	100.0	0	67
Lanvin	Totals	17.78	15.09	84.91	717	4033	23.44	18.99	81.01	154	657	16.68	14.29	85.71	563	3376
Lanvin	Easy	23.84	19.25	80.75	563	2362	37.58	27.32	72.68	115	306	21.79	17.89	82.11	448	2056
Lanvin	Null	16.0	13.79	86.21	16	100	36.36	26.67	73.33	4	11	13.48	11.88	88.12	12	89
Lanvin	Single dark	8.81	8.1	91.9	136	1543	10.12	9.19	90.81	34	336	8.45	7.79	92.21	102	1207
Lanvin	Double dark	7.14	6.67	93.33	2	28	25.0	20.0	80.0	1	4	4.17	4.0	96.0	1	24
Lel0uch	Totals	18.65	15.72	84.28	966	5180	14.04	12.31	87.69	292	2080	21.74	17.86	82.14	674	3100
Lel0uch	Easy	30.02	23.09	76.91	646	2152	29.62	22.85	77.15	149	503	30.14	23.16	76.84	497	1649
Lel0uch	Null	31.08	23.71	76.29	23	74	14.29	12.5	87.5	1	7	32.84	24.72	75.28	22	67
Lel0uch	Single dark	10.65	9.62	90.38	287	2695	9.77	8.9	91.1	133	1361	11.54	10.35	89.65	154	1334
Lel0uch	Double dark	3.86	3.72	96.28	10	259	4.31	4.13	95.87	9	209	2.0	1.96	98.04	1	50
Libster	Totals	6.4	6.02	93.98	1297	20265	4.75	4.53	95.47	341	7186	7.31	6.81	93.19	956	13079
Libster	Easy	8.97	8.23	91.77	1090	12151	5.79	5.47	94.53	285	4925	11.14	10.02	89.98	805	7226
Libster	Null	28.95	22.45	77.55	11	38	14.29	12.5	87.5	1	7	32.26	24.39	75.61	10	31
Libster	Single dark	2.48	2.42	97.58	192	7733	2.44	2.39	97.61	54	2210	2.5	2.44	97.56	138	5523
Libster	Double dark	1.17	1.15	98.85	4	343	2.27	2.22	97.78	1	44	1.0	0.99	99.01	3	299
Livia	Totals	19.94	16.62	83.38	572	2869	18.4	15.54	84.46	250	1359	21.32	17.58	82.42	322	1510
Livia	Easy	28.36	22.09	77.91	437	1541	26.53	20.97	79.03	182	686	29.82	22.97	77.03	255	855
Livia	Null	10.57	9.56	90.44	24	227	10.83	9.77	90.23	13	120	10.28	9.32	90.68	11	107
Livia	Single dark	10.76	9.72	90.28	110	1022	10.67	9.64	90.36	54	506	10.85	9.79	90.21	56	516
Livia	Double dark	1.27	1.25	98.75	1	79	2.13	2.08	97.92	1	47	0.0	0.0	100.0	0	32
MangoPie	Totals	22.19	18.16	81.84	241	1086	11.11	10.0	90.0	3	27	22.47	18.35	81.65	238	1059
MangoPie	Easy	27.97	21.86	78.14	179	640	7.69	7.14	92.86	1	13	28.39	22.11	77.89	178	627
MangoPie	Null	15.22	13.21	86.79	7	46	0.0	0.0	100.0	0	9	18.92	15.91	84.09	7	37
MangoPie	Single dark	14.4	12.59	87.41	55	382	40.0	28.57	71.43	2	5	14.06	12.33	87.67	53	377
MangoPie	Double dark	0.0	0.0	100.0	0	18	0	0	0	0	0	0.0	0.0	100.0	0	18
MarkusKahlsen	Totals	28.6	22.24	77.76	619	2164	25.99	20.63	79.37	118	454	29.3	22.66	77.34	501	1710
MarkusKahlsen	Easy	41.19	29.17	70.83	449	1090	56.73	36.2	63.8	59	104	39.55	28.34	71.66	390	986
MarkusKahlsen	Null	48.94	32.86	67.14	23	47	0	100.0	0.0	2	0	44.68	30.88	69.12	21	47
MarkusKahlsen	Single dark	14.65	12.78	87.22	144	983	16.98	14.52	85.48	54	318	13.53	11.92	88.08	90	665
MarkusKahlsen	Double dark	6.82	6.38	93.62	3	44	9.38	8.57	91.43	3	32	0.0	0.0	100.0	0	12
MasN	Totals	25.72	20.46	79.54	116	451	61.9	38.24	61.76	13	21	23.95	19.32	80.68	103	430
MasN	Easy	28.92	22.43	77.57	107	370	80.0	44.44	55.56	12	15	26.76	21.11	78.89	95	355
MasN	Null	0.0	0.0	100.0	0	1	0	0	0	0	0	0.0	0.0	100.0	0	1
MasN	Single dark	11.25	10.11	89.89	9	80	16.67	14.29	85.71	1	6	10.81	9.76	90.24	8	74
MasN	Double dark	0	0	0	0	0	0	0	0	0	0	0	0	0	0	0
MathNoob	Totals	27.01	21.26	78.74	37	137	17.65	15.0	85.0	6	34	30.1	23.13	76.87	31	103
MathNoob	Easy	28.68	22.29	77.71	37	129	18.75	15.79	84.21	6	32	31.96	24.22	75.78	31	97
MathNoob	Null	0	0	0	0	0	0	0	0	0	0	0	0	0	0	0
MathNoob	Single dark	0.0	0.0	100.0	0	8	0.0	0.0	100.0	0	2	0.0	0.0	100.0	0	6
MathNoob	Double dark	0	0	0	0	0	0	0	0	0	0	0	0	0	0	0
melwen	Totals	20.17	16.78	83.22	1147	5688	19.16	16.08	83.92	114	595	20.28	16.86	83.14	1033	5093
melwen	Easy	26.08	20.69	79.31	866	3320	21.87	17.94	82.06	103	471	26.78	21.12	78.88	763	2849
melwen	Null	30.89	23.6	76.4	38	123	0.0	0.0	100.0	0	4	31.93	24.2	75.8	38	119
melwen	Single dark	11.1	9.99	90.01	239	2154	9.17	8.4	91.6	11	120	11.21	10.08	89.92	228	2034
melwen	Double dark	4.4	4.21	95.79	4	91	0	0	0	0	0	4.4	4.21	95.79	4	91
methmatics	Totals	19.73	16.48	83.52	148	750	20.87	17.27	82.73	24	115	19.53	16.34	83.66	124	635
methmatics	Easy	22.54	18.39	81.61	144	639	22.77	18.55	81.45	23	101	22.49	18.36	81.64	121	538
methmatics	Null	12.5	11.11	88.89	1	8	25.0	20.0	80.0	1	4	0.0	0.0	100.0	0	4
methmatics	Single dark	3.0	2.91	97.09	3	100	0.0	0.0	100.0	0	10	3.33	3.23	96.77	3	90
methmatics	Double dark	0.0	0.0	100.0	0	3	0	0	0	0	0	0.0	0.0	100.0	0	3
micerang	Totals	30.49	23.37	76.63	999	3276	41.69	29.42	70.58	143	343	29.19	22.59	77.41	856	2933
micerang	Easy	39.39	28.26	71.74	848	2153	55.98	35.89	64.11	117	209	37.6	27.33	72.67	731	1944
micerang	Null	15.7	13.57	86.43	19	121	20.59	17.07	82.93	7	34	13.79	12.12	87.88	12	87
micerang	Single dark	13.85	12.17	87.83	132	953	20.0	16.67	83.33	19	95	13.17	11.64	88.36	113	858
micerang	Double dark	0.0	0.0	100.0	0	49	0.0	0.0	100.0	0	5	0.0	0.0	100.0	0	44
newduke	Totals	12.58	11.17	88.83	293	2330	7.07	6.6	93.4	20	283	13.34	11.77	88.23	273	2047
newduke	Easy	15.34	13.3	86.7	238	1552	6.79	6.36	93.64	15	221	16.75	14.35	85.65	223	1331
newduke	Null	14.15	12.4	87.6	15	106	14.29	12.5	87.5	2	14	14.13	12.38	87.62	13	92
newduke	Single dark	5.99	5.65	94.35	40	668	6.52	6.12	93.88	3	46	5.95	5.61	94.39	37	622
newduke	Double dark	0.0	0.0	100.0	0	4	0.0	0.0	100.0	0	2	0.0	0.0	100.0	0	2
nitawa	Totals	21.19	17.49	82.51	331	1562	19.97	16.65	83.35	157	786	22.42	18.32	81.68	174	776
nitawa	Easy	26.71	21.08	78.92	250	936	22.73	18.52	81.48	105	462	30.59	23.42	76.58	145	474
nitawa	Null	10.45	9.46	90.54	7	67	9.76	8.89	91.11	4	41	11.54	10.34	89.66	3	26
nitawa	Single dark	13.2	11.66	88.34	73	553	16.97	14.51	85.49	47	277	9.42	8.61	91.39	26	276
nitawa	Double dark	16.67	14.29	85.71	1	6	16.67	14.29	85.71	1	6	0	0	0	0	0
Nitrate	Totals	26.55	20.98	79.02	158	595	21.69	17.82	82.18	18	83	27.34	21.47	78.53	140	512
Nitrate	Easy	34.38	25.58	74.42	143	416	24.19	19.48	80.52	15	62	36.16	26.56	73.44	128	354
Nitrate	Null	0.0	0.0	100.0	0	4	0.0	0.0	100.0	0	3	0.0	0.0	100.0	0	1
Nitrate	Single dark	8.62	7.94	92.06	15	174	16.67	14.29	85.71	3	18	7.69	7.14	92.86	12	156
Nitrate	Double dark	0.0	0.0	100.0	0	1	0	0	0	0	0	0.0	0.0	100.0	0	1
Nitrate2	Totals	26.74	21.1	78.9	426	1593	39.74	28.44	71.56	62	156	25.33	20.21	79.79	364	1437
Nitrate2	Easy	33.52	25.11	74.89	351	1047	51.28	33.9	66.1	40	78	32.09	24.3	75.7	311	969
Nitrate2	Null	31.58	24.0	76.0	12	38	36.36	26.67	73.33	4	11	29.63	22.86	77.14	8	27
Nitrate2	Single dark	12.55	11.15	88.85	63	502	26.87	21.18	78.82	18	67	10.34	9.38	90.62	45	435
Nitrate2	Double dark	0.0	0.0	100.0	0	6	0	0	0	0	0	0.0	0.0	100.0	0	6
nkkarpov	Totals	20.47	16.99	83.01	121	591	27.27	21.43	78.57	15	55	19.78	16.51	83.49	106	536
nkkarpov	Easy	29.16	22.57	77.43	114	391	29.41	22.73	77.27	15	51	29.12	22.55	77.45	99	340
nkkarpov	Null	0.0	0.0	100.0	0	5	0	0	0	0	0	0.0	0.0	100.0	0	5
nkkarpov	Single dark	3.89	3.74	96.26	7	180	0.0	0.0	100.0	0	4	3.98	3.83	96.17	7	176
nkkarpov	Double dark	0.0	0.0	100.0	0	15	0	0	0	0	0	0.0	0.0	100.0	0	15
NoMercy	Totals	11.32	10.17	89.83	385	3400	6.22	5.85	94.15	12	193	11.63	10.42	89.58	373	3207
NoMercy	Easy	16.82	14.4	85.6	337	2003	10.42	9.43	90.57	10	96	17.15	14.64	85.36	327	1907
NoMercy	Null	16.67	14.29	85.71	4	24	0.0	0.0	100.0	0	1	17.39	14.81	85.19	4	23
NoMercy	Single dark	3.36	3.25	96.75	40	1189	1.89	1.85	98.15	1	53	3.43	3.32	96.68	39	1136
NoMercy	Double dark	2.17	2.13	97.87	4	184	2.33	2.27	97.73	1	43	2.13	2.08	97.92	3	141
orucsoraihc	Totals	26.97	21.24	78.76	264	979	28.85	22.39	77.61	60	208	26.46	20.92	79.08	204	771
orucsoraihc	Easy	34.02	25.38	74.62	231	679	39.55	28.34	71.66	53	134	32.66	24.62	75.38	178	545
orucsoraihc	Null	20.0	16.67	83.33	4	20	0	0	0	0	0	20.0	16.67	83.33	4	20
orucsoraihc	Single dark	10.85	9.79	90.21	28	258	11.11	10.0	90.0	6	54	10.78	9.73	90.27	22	204
orucsoraihc	Double dark	4.55	4.35	95.65	1	22	5.0	4.76	95.24	1	20	0.0	0.0	100.0	0	2
Pablo-	Totals	26.22	20.78	79.22	648	2471	26.85	21.17	78.83	174	648	26.0	20.64	79.36	474	1823
Pablo-	Easy	35.59	26.25	73.75	516	1450	38.94	28.03	71.97	118	303	34.7	25.76	74.24	398	1147
Pablo-	Null	14.29	12.5	87.5	12	84	10.53	9.52	90.48	4	38	17.39	14.81	85.19	8	46
Pablo-	Single dark	13.08	11.56	88.44	119	910	16.83	14.41	85.59	51	303	11.2	10.07	89.93	68	607
Pablo-	Double dark	3.7	3.57	96.43	1	27	25.0	20.0	80.0	1	4	0.0	0.0	100.0	0	23
padi	Totals	16.59	14.23	85.77	213	1284	25.71	20.45	79.55	27	105	15.78	13.63	86.37	186	1179
padi	Easy	18.93	15.91	84.09	187	988	33.33	25.0	75.0	20	60	18.0	15.25	84.75	167	928
padi	Null	6.45	6.06	93.94	2	31	11.11	10.0	90.0	1	9	4.55	4.35	95.65	1	22
padi	Single dark	10.57	9.56	90.44	24	227	16.67	14.29	85.71	6	36	9.42	8.61	91.39	18	191
padi	Double dark	0.0	0.0	100.0	0	38	0	0	0	0	0	0.0	0.0	100.0	0	38
pianoblook	Totals	24.34	19.57	80.43	791	3250	28.91	22.43	77.57	194	671	23.15	18.8	81.2	597	2579
pianoblook	Easy	31.96	24.22	75.78	584	1827	35.85	26.39	73.61	147	410	30.84	23.57	76.43	437	1417
pianoblook	Null	29.0	22.48	77.52	58	200	21.43	17.65	82.35	21	98	36.27	26.62	73.38	37	102
pianoblook	Single dark	13.53	11.92	88.08	138	1020	17.81	15.12	84.88	26	146	12.81	11.36	88.64	112	874
pianoblook	Double dark	5.42	5.14	94.86	11	203	0.0	0.0	100.0	0	17	5.91	5.58	94.42	11	186
Pimak	Totals	21.02	17.37	82.63	99	471	7.32	6.82	93.18	6	82	23.91	19.29	80.71	93	389
Pimak	Easy	24.8	19.87	80.13	93	375	8.11	7.5	92.5	6	74	28.9	22.42	77.58	87	301
Pimak	Null	0.0	0.0	100.0	0	2	0	0	0	0	0	0.0	0.0	100.0	0	2
Pimak	Single dark	6.38	6.0	94.0	6	94	0.0	0.0	100.0	0	8	6.98	6.52	93.48	6	86
Pimak	Double dark	0	0	0	0	0	0	0	0	0	0	0	0	0	0	0
piper	Totals	32.66	24.62	75.38	615	1883	35.46	26.18	73.82	200	564	31.46	23.93	76.07	415	1319
piper	Easy	42.25	29.7	70.3	455	1077	44.63	30.86	69.14	158	354	41.08	29.12	70.88	297	723
piper	Null	41.13	29.14	70.86	51	124	26.03	20.65	79.35	19	73	62.75	38.55	61.45	32	51
piper	Single dark	18.98	15.95	84.05	100	527	18.55	15.65	84.35	23	124	19.11	16.04	83.96	77	403
piper	Double dark	5.81	5.49	94.51	9	155	0.0	0.0	100.0	0	13	6.34	5.96	94.04	9	142
possum	Totals	25.17	20.11	79.89	188	747	16.22	13.95	86.05	18	111	26.73	21.09	78.91	170	636
possum	Easy	33.72	25.22	74.78	175	519	18.18	15.38	84.62	16	88	36.89	26.95	73.05	159	431
possum	Null	0.0	0.0	100.0	0	3	0	0	0	0	0	0.0	0.0	100.0	0	3
possum	Single dark	5.88	5.56	94.44	13	221	9.09	8.33	91.67	2	22	5.53	5.24	94.76	11	199
possum	Double dark	0.0	0.0	100.0	0	4	0.0	0.0	100.0	0	1	0.0	0.0	100.0	0	3
qqqq	Totals	25.52	20.33	79.67	294	1152	30.41	23.32	76.68	66	217	24.39	19.6	80.4	228	935
qqqq	Easy	35.22	26.05	73.95	243	690	35.12	25.99	74.01	59	168	35.25	26.06	73.94	184	522
qqqq	Null	12.5	11.11	88.89	1	8	0	0	0	0	0	12.5	11.11	88.89	1	8
qqqq	Single dark	13.69	12.04	87.96	49	358	17.95	15.22	84.78	7	39	13.17	11.63	88.37	42	319
qqqq	Double dark	1.04	1.03	98.97	1	96	0.0	0.0	100.0	0	10	1.16	1.15	98.85	1	86
qwertyelmer	Totals	17.61	14.97	85.03	115	653	9.81	8.93	91.07	26	265	22.94	18.66	81.34	89	388
qwertyelmer	Easy	17.47	14.87	85.13	109	624	9.27	8.48	91.52	24	259	23.29	18.89	81.11	85	365
qwertyelmer	Null	0	0	0	0	0	0	0	0	0	0	0	0	0	0	0
qwertyelmer	Single dark	20.69	17.14	82.86	6	29	33.33	25.0	75.0	2	6	17.39	14.81	85.19	4	23
qwertyelmer	Double dark	0	0	0	0	0	0	0	0	0	0	0	0	0	0	0
rachyrules	Totals	23.39	18.96	81.04	374	1599	19.45	16.28	83.72	162	833	27.68	21.68	78.32	212	766
rachyrules	Easy	27.44	21.53	78.47	334	1217	20.64	17.11	82.89	148	717	37.2	27.11	72.89	186	500
rachyrules	Null	9.09	8.33	91.67	1	11	0.0	0.0	100.0	0	1	10.0	9.09	90.91	1	10
rachyrules	Single dark	10.57	9.56	90.44	39	369	12.17	10.85	89.15	14	115	9.84	8.96	91.04	25	254
rachyrules	Double dark	0.0	0.0	100.0	0	2	0	0	0	0	0	0.0	0.0	100.0	0	2
RaKXeR	Totals	8.16	7.54	92.46	541	6633	5.94	5.61	94.39	80	1346	8.72	8.02	91.98	461	5287
RaKXeR	Easy	10.72	9.68	90.32	482	4495	5.87	5.55	94.45	74	1260	12.61	11.2	88.8	408	3235
RaKXeR	Null	28.57	22.22	77.78	2	7	50.0	33.33	66.67	1	2	20.0	16.67	83.33	1	5
RaKXeR	Single dark	2.78	2.7	97.3	57	2054	5.95	5.62	94.38	5	84	2.64	2.57	97.43	52	1970
RaKXeR	Double dark	0.0	0.0	100.0	0	77	0	0	0	0	0	0.0	0.0	100.0	0	77
Razvogor	Totals	7.58	7.04	92.96	195	2574	1.97	1.94	98.06	9	456	8.78	8.07	91.93	186	2118
Razvogor	Easy	11.51	10.32	89.68	171	1486	2.04	2.0	98.0	9	441	15.5	13.42	86.58	162	1045
Razvogor	Null	14.29	12.5	87.5	2	14	0	0	0	0	0	14.29	12.5	87.5	2	14
Razvogor	Single dark	2.06	2.02	97.98	22	1069	0.0	0.0	100.0	0	10	2.08	2.04	97.96	22	1059
Razvogor	Double dark	0.0	0.0	100.0	0	5	0.0	0.0	100.0	0	5	0	0	0	0	0
rkass	Totals	31.26	23.82	76.18	408	1305	34.94	25.9	74.1	94	269	30.31	23.26	76.74	314	1036
rkass	Easy	40.67	28.91	71.09	255	627	25.93	20.59	79.41	28	108	43.74	30.43	69.57	227	519
rkass	Null	57.3	36.43	63.57	102	178	56.0	35.9	64.1	56	100	58.97	37.1	62.9	46	78
rkass	Single dark	10.28	9.32	90.68	51	496	16.39	14.08	85.92	10	61	9.43	8.61	91.39	41	435
rkass	Double dark	0.0	0.0	100.0	0	4	0	0	0	0	0	0.0	0.0	100.0	0	4
rs1	Totals	17.92	15.2	84.8	57	318	9.8	8.93	91.07	5	51	19.48	16.3	83.7	52	267
rs1	Easy	21.93	17.99	82.01	50	228	9.8	8.93	91.07	5	51	25.42	20.27	79.73	45	177
rs1	Null	18.75	15.79	84.21	3	16	0	0	0	0	0	18.75	15.79	84.21	3	16
rs1	Single dark	5.71	5.41	94.59	4	70	0	0	0	0	0	5.71	5.41	94.59	4	70
rs1	Double dark	0.0	0.0	100.0	0	4	0	0	0	0	0	0.0	0.0	100.0	0	4
rz	Totals	22.91	18.64	81.36	302	1318	19.12	16.05	83.95	13	68	23.12	18.78	81.22	289	1250
rz	Easy	28.8	22.36	77.64	256	889	25.0	20.0	80.0	5	20	28.88	22.41	77.59	251	869
rz	Null	33.33	25.0	75.0	9	27	0	0	0	0	0	33.33	25.0	75.0	9	27
rz	Single dark	9.34	8.55	91.45	37	396	16.67	14.29	85.71	8	48	8.33	7.69	92.31	29	348
rz	Double dark	0.0	0.0	100.0	0	6	0	0	0	0	0	0.0	0.0	100.0	0	6
sankala	Totals	11.79	10.54	89.46	161	1366	4.65	4.44	95.56	19	409	14.84	12.92	87.08	142	957
sankala	Easy	14.73	12.84	87.16	132	896	7.0	6.55	93.45	18	257	17.84	15.14	84.86	114	639
sankala	Null	0	0	0	0	0	0	0	0	0	0	0	0	0	0	0
sankala	Single dark	6.7	6.28	93.72	28	418	0.66	0.65	99.35	1	152	10.15	9.22	90.78	27	266
sankala	Double dark	1.92	1.89	98.11	1	52	0	0	0	0	0	1.92	1.89	98.11	1	52
scharkbite	Totals	21.73	17.85	82.15	1296	5963	23.12	18.78	81.22	166	718	21.54	17.73	82.27	1130	5245
scharkbite	Easy	29.09	22.53	77.47	1035	3558	31.18	23.77	76.23	130	417	28.81	22.37	77.63	905	3141
scharkbite	Null	14.51	12.67	87.33	28	193	7.89	7.32	92.68	3	38	16.13	13.89	86.11	25	155
scharkbite	Single dark	11.81	10.56	89.44	227	1922	14.48	12.65	87.35	32	221	11.46	10.28	89.72	195	1701
scharkbite	Double dark	2.07	2.03	97.97	6	290	2.38	2.33	97.67	1	42	2.02	1.98	98.02	5	248
sephiroth	Totals	19.27	16.16	83.84	648	3363	20.24	16.83	83.17	34	168	19.22	16.12	83.88	614	3195
sephiroth	Easy	24.51	19.69	80.31	516	2105	20.49	17.01	82.99	25	122	24.76	19.85	80.15	491	1983
sephiroth	Null	14.75	12.86	87.14	9	61	50.0	33.33	66.67	1	2	13.56	11.94	88.06	8	59
sephiroth	Single dark	10.67	9.64	90.36	123	1153	20.51	17.02	82.98	8	39	10.32	9.36	90.64	115	1114
sephiroth	Double dark	0.0	0.0	100.0	0	44	0.0	0.0	100.0	0	5	0.0	0.0	100.0	0	39
sin_faith	Totals	17.2	14.68	85.32	396	2302	18.09	15.32	84.68	34	188	17.12	14.62	85.38	362	2114
sin_faith	Easy	21.62	17.78	82.22	349	1614	22.73	18.52	81.48	30	132	21.52	17.71	82.29	319	1482
sin_faith	Null	12.87	11.4	88.6	13	101	8.33	7.69	92.31	2	24	14.29	12.5	87.5	11	77
sin_faith	Single dark	6.5	6.1	93.9	34	523	8.0	7.41	92.59	2	25	6.43	6.04	93.96	32	498
sin_faith	Double dark	0.0	0.0	100.0	0	64	0.0	0.0	100.0	0	7	0.0	0.0	100.0	0	57
sjdrodge	Totals	33.58	25.14	74.86	1129	3362	31.31	23.84	76.16	67	214	33.74	25.23	74.77	1062	3148
sjdrodge	Easy	39.66	28.4	71.6	1066	2688	43.97	30.54	69.46	62	141	39.42	28.27	71.73	1004	2547
sjdrodge	Null	31.08	23.71	76.29	23	74	0.0	0.0	100.0	0	10	35.94	26.44	73.56	23	64
sjdrodge	Single dark	7.34	6.84	93.16	40	545	10.64	9.62	90.38	5	47	7.03	6.57	93.43	35	498
sjdrodge	Double dark	0.0	0.0	100.0	0	55	0.0	0.0	100.0	0	16	0.0	0.0	100.0	0	39
skyblueexo	Totals	20.04	16.7	83.3	98	489	20.51	17.02	82.98	24	117	19.89	16.59	83.41	74	372
skyblueexo	Easy	22.84	18.6	81.4	90	394	27.03	21.28	78.72	20	74	21.88	17.95	82.05	70	320
skyblueexo	Null	11.11	10.0	90.0	1	9	11.11	10.0	90.0	1	9	0	0	0	0	0
skyblueexo	Single dark	8.14	7.53	92.47	7	86	8.82	8.11	91.89	3	34	7.69	7.14	92.86	4	52
skyblueexo	Double dark	0	0	0	0	0	0	0	0	0	0	0	0	0	0	0
Smandon	Totals	27.96	21.85	78.15	78	279	22.78	18.56	81.44	18	79	30.0	23.08	76.92	60	200
Smandon	Easy	31.05	23.69	76.31	68	219	25.0	20.0	80.0	17	68	33.77	25.25	74.75	51	151
Smandon	Null	9.09	8.33	91.67	1	11	9.09	8.33	91.67	1	11	0	0	0	0	0
Smandon	Single dark	18.37	15.52	84.48	9	49	0	0	0	0	0	18.37	15.52	84.48	9	49
Smandon	Double dark	0	0	0	0	0	0	0	0	0	0	0	0	0	0	0
Spieler42	Totals	18.32	15.48	84.52	124	677	14.5	12.67	87.33	19	131	19.23	16.13	83.87	105	546
Spieler42	Easy	22.24	18.2	81.8	117	526	15.18	13.18	86.82	17	112	24.15	19.46	80.54	100	414
Spieler42	Null	0.0	0.0	100.0	0	1	0	0	0	0	0	0.0	0.0	100.0	0	1
Spieler42	Single dark	4.7	4.49	95.51	7	149	10.53	9.52	90.48	2	19	3.85	3.7	96.3	5	130
Spieler42	Double dark	0.0	0.0	100.0	0	1	0	0	0	0	0	0.0	0.0	100.0	0	1
squirrel1988	Totals	14.31	12.52	87.48	168	1174	14.98	13.03	86.97	89	594	13.62	11.99	88.01	79	580
squirrel1988	Easy	24.74	19.84	80.16	121	489	32.4	24.47	75.53	58	179	20.32	16.89	83.11	63	310
squirrel1988	Null	11.67	10.45	89.55	7	60	5.77	5.45	94.55	3	52	50.0	33.33	66.67	4	8
squirrel1988	Single dark	6.84	6.4	93.6	40	585	8.67	7.98	92.02	28	323	4.58	4.38	95.62	12	262
squirrel1988	Double dark	0.0	0.0	100.0	0	40	0.0	0.0	100.0	0	40	0	0	0	0	0
StKildaFan	Totals	24.11	19.43	80.57	447	1854	21.03	17.37	82.63	221	1051	28.14	21.96	78.04	226	803
StKildaFan	Easy	32.81	24.7	75.3	396	1207	29.52	22.79	77.21	186	630	36.4	26.68	73.32	210	577
StKildaFan	Null	0.0	0.0	100.0	0	1	0	0	0	0	0	0.0	0.0	100.0	0	1
StKildaFan	Single dark	9.86	8.98	91.02	50	507	11.93	10.66	89.34	34	285	7.21	6.72	93.28	16	222
StKildaFan	Double dark	0.72	0.71	99.29	1	139	0.74	0.73	99.27	1	136	0.0	0.0	100.0	0	3
Sucubis	Totals	23.2	18.83	81.17	389	1677	33.77	25.24	74.76	26	77	22.69	18.49	81.51	363	1600
Sucubis	Easy	31.86	24.16	75.84	317	995	41.82	29.49	70.51	23	55	31.28	23.82	76.18	294	940
Sucubis	Null	41.18	29.17	70.83	7	17	0.0	0.0	100.0	0	1	43.75	30.43	69.57	7	16
Sucubis	Single dark	9.94	9.04	90.96	64	644	14.29	12.5	87.5	3	21	9.79	8.92	91.08	61	623
Sucubis	Double dark	4.76	4.55	95.45	1	21	0	0	0	0	0	4.76	4.55	95.45	1	21
swineherd	Totals	20.29	16.87	83.13	281	1385	25.0	20.0	80.0	2	8	20.26	16.85	83.15	279	1377
swineherd	Easy	26.62	21.02	78.98	230	864	100.0	50.0	50.0	1	1	26.54	20.97	79.03	229	863
swineherd	Null	22.5	18.37	81.63	9	40	0	0	0	0	0	22.5	18.37	81.63	9	40
swineherd	Single dark	8.75	8.05	91.95	42	480	14.29	12.5	87.5	1	7	8.67	7.98	92.02	41	473
swineherd	Double dark	0.0	0.0	100.0	0	1	0	0	0	0	0	0.0	0.0	100.0	0	1
Syrah	Totals	32.62	24.6	75.4	168	515	31.43	23.91	76.09	11	35	32.71	24.65	75.35	157	480
Syrah	Easy	46.42	31.7	68.3	136	293	39.29	28.21	71.79	11	28	47.17	32.05	67.95	125	265
Syrah	Null	63.64	38.89	61.11	7	11	0	0	0	0	0	63.64	38.89	61.11	7	11
Syrah	Single dark	11.85	10.59	89.41	25	211	0.0	0.0	100.0	0	7	12.25	10.92	89.08	25	204
Syrah	Double dark	0	0	0	0	0	0	0	0	0	0	0	0	0	0	0
TheDaniMan	Totals	17.31	14.75	85.25	800	4622	13.57	11.95	88.05	204	1503	19.11	16.04	83.96	596	3119
TheDaniMan	Easy	25.03	20.02	79.98	590	2357	22.28	18.22	81.78	127	570	25.91	20.58	79.42	463	1787
TheDaniMan	Null	12.97	11.48	88.52	41	316	13.61	11.98	88.02	23	169	12.24	10.91	89.09	18	147
TheDaniMan	Single dark	9.07	8.31	91.69	168	1853	7.7	7.15	92.85	53	688	9.87	8.98	91.02	115	1165
TheDaniMan	Double dark	1.04	1.03	98.97	1	96	1.32	1.3	98.7	1	76	0.0	0.0	100.0	0	20
TimeHoodie	Totals	22.65	18.46	81.54	743	3281	25.86	20.55	79.45	45	174	22.47	18.34	81.66	698	3107
TimeHoodie	Easy	31.09	23.71	76.29	590	1898	31.43	23.91	76.09	33	105	31.07	23.7	76.3	557	1793
TimeHoodie	Null	24.32	19.57	80.43	18	74	0	0	0	0	0	24.32	19.57	80.43	18	74
TimeHoodie	Single dark	10.83	9.77	90.23	135	1247	19.05	16.0	84.0	12	63	10.39	9.41	90.59	123	1184
TimeHoodie	Double dark	0.0	0.0	100.0	0	62	0.0	0.0	100.0	0	6	0.0	0.0	100.0	0	56
timotree	Totals	22.51	18.38	81.62	475	2110	22.97	18.68	81.32	158	688	22.29	18.23	81.77	317	1422
timotree	Easy	27.19	21.37	78.63	426	1567	23.5	19.03	80.97	145	617	29.58	22.83	77.17	281	950
timotree	Null	12.82	11.36	88.64	10	78	30.0	23.08	76.92	3	10	10.29	9.33	90.67	7	68
timotree	Single dark	8.61	7.93	92.07	39	453	16.39	14.08	85.92	10	61	7.4	6.89	93.11	29	392
timotree	Double dark	0.0	0.0	100.0	0	12	0	0	0	0	0	0.0	0.0	100.0	0	12
Valetta6789	Totals	22.3	18.24	81.76	1183	5304	21.95	18.0	82.0	646	2943	22.74	18.53	81.47	537	2361
Valetta6789	Easy	32.17	24.34	75.66	841	2614	37.75	27.4	72.6	442	1171	27.65	21.66	78.34	399	1443
Valetta6789	Null	24.66	19.78	80.22	36	146	26.0	20.63	79.37	13	50	23.96	19.33	80.67	23	96
Valetta6789	Single dark	13.4	11.82	88.18	296	2209	12.57	11.17	88.83	182	1448	14.98	13.03	86.97	114	761
Valetta6789	Double dark	2.99	2.9	97.1	10	335	3.28	3.18	96.82	9	274	1.64	1.61	98.39	1	61
vEnhance	Totals	22.54	18.4	81.6	149	661	16.67	14.29	85.71	11	66	23.19	18.83	81.17	138	595
vEnhance	Easy	26.89	21.19	78.81	139	517	22.22	18.18	81.82	10	45	27.33	21.46	78.54	129	472
vEnhance	Null	25.0	20.0	80.0	3	12	0	100.0	0.0	1	0	16.67	14.29	85.71	2	12
vEnhance	Single dark	5.3	5.04	94.96	7	132	0.0	0.0	100.0	0	21	6.31	5.93	94.07	7	111
vEnhance	Double dark	0	0	0	0	0	0	0	0	0	0	0	0	0	0	0
VerySloppyTwo	Totals	18.44	15.57	84.43	278	1508	24.77	19.85	80.15	107	432	15.89	13.71	86.29	171	1076
VerySloppyTwo	Easy	22.67	18.48	81.52	226	997	29.48	22.77	77.23	97	329	19.31	16.19	83.81	129	668
VerySloppyTwo	Null	35.0	25.93	74.07	7	20	0	100.0	0.0	1	0	30.0	23.08	76.92	6	20
VerySloppyTwo	Single dark	9.13	8.37	91.63	44	482	8.74	8.04	91.96	9	103	9.23	8.45	91.55	35	379
VerySloppyTwo	Double dark	11.11	10.0	90.0	1	9	0	0	0	0	0	11.11	10.0	90.0	1	9
will.i.am	Totals	14.53	12.68	87.32	250	1721	7.69	7.14	92.86	4	52	14.74	12.85	87.15	246	1669
will.i.am	Easy	18.58	15.67	84.33	189	1017	6.38	6.0	94.0	3	47	19.18	16.09	83.91	186	970
will.i.am	Null	11.86	10.61	89.39	7	59	0	0	0	0	0	11.86	10.61	89.39	7	59
will.i.am	Single dark	8.6	7.92	92.08	54	628	20.0	16.67	83.33	1	5	8.51	7.84	92.16	53	623
will.i.am	Double dark	0.0	0.0	100.0	0	17	0	0	0	0	0	0.0	0.0	100.0	0	17
willwin4sure	Totals	16.89	14.45	85.55	200	1184	12.1	10.79	89.21	106	876	30.52	23.38	76.62	94	308
willwin4sure	Easy	22.55	18.4	81.6	159	705	17.07	14.58	85.42	77	451	32.28	24.4	75.6	82	254
willwin4sure	Null	14.29	12.5	87.5	14	98	11.34	10.19	89.81	11	97	300.0	75.0	25.0	3	1
willwin4sure	Single dark	11.82	10.57	89.43	26	220	9.94	9.04	90.96	17	171	18.37	15.52	84.48	9	49
willwin4sure	Double dark	0.62	0.62	99.38	1	161	0.64	0.63	99.37	1	157	0.0	0.0	100.0	0	4
Wittvector	Totals	19.18	16.09	83.91	345	1799	26.67	21.05	78.95	28	105	18.71	15.76	84.24	317	1694
Wittvector	Easy	25.48	20.31	79.69	264	1036	27.38	21.5	78.5	23	84	25.32	20.2	79.8	241	952
Wittvector	Null	21.15	17.46	82.54	11	52	0	0	0	0	0	21.15	17.46	82.54	11	52
Wittvector	Single dark	10.57	9.56	90.44	70	662	23.81	19.23	80.77	5	21	10.14	9.21	90.79	65	641
Wittvector	Double dark	0.0	0.0	100.0	0	49	0	0	0	0	0	0.0	0.0	100.0	0	49
wolfpack	Totals	23.98	19.34	80.66	59	246	20.97	17.33	82.67	13	62	25.0	20.0	80.0	46	184
wolfpack	Easy	29.47	22.76	77.24	56	190	24.44	19.64	80.36	11	45	31.03	23.68	76.32	45	145
wolfpack	Null	0	0	0	0	0	0	0	0	0	0	0	0	0	0	0
wolfpack	Single dark	6.0	5.66	94.34	3	50	18.18	15.38	84.62	2	11	2.56	2.5	97.5	1	39
wolfpack	Double dark	0.0	0.0	100.0	0	6	0.0	0.0	100.0	0	6	0	0	0	0	0
wortel	Totals	31.28	23.83	76.17	198	633	33.33	25.0	75.0	4	12	31.24	23.8	76.2	194	621
wortel	Easy	35.06	25.96	74.04	176	502	33.33	25.0	75.0	4	12	35.1	25.98	74.02	172	490
wortel	Null	57.14	36.36	63.64	4	7	0	0	0	0	0	57.14	36.36	63.64	4	7
wortel	Single dark	15.13	13.14	86.86	18	119	0	0	0	0	0	15.13	13.14	86.86	18	119
wortel	Double dark	0.0	0.0	100.0	0	5	0	0	0	0	0	0.0	0.0	100.0	0	5
wump	Totals	27.89	21.81	78.19	400	1434	32.28	24.4	75.6	41	127	27.47	21.55	78.45	359	1307
wump	Easy	33.95	25.35	74.65	346	1019	36.23	26.6	73.4	25	69	33.79	25.26	74.74	321	950
wump	Null	35.0	25.93	74.07	7	20	0	0	0	0	0	35.0	25.93	74.07	7	20
wump	Single dark	12.05	10.76	89.24	47	390	28.57	22.22	77.78	16	56	9.28	8.49	91.51	31	334
wump	Double dark	0.0	0.0	100.0	0	5	0.0	0.0	100.0	0	2	0.0	0.0	100.0	0	3
Zakisan	Totals	24.11	19.43	80.57	204	846	30.0	23.08	76.92	3	10	24.04	19.38	80.62	201	836
Zakisan	Easy	31.91	24.19	75.81	179	561	30.0	23.08	76.92	3	10	31.94	24.21	75.79	176	551
Zakisan	Null	8.33	7.69	92.31	1	12	0	0	0	0	0	8.33	7.69	92.31	1	12
Zakisan	Single dark	8.82	8.11	91.89	24	272	0	0	0	0	0	8.82	8.11	91.89	24	272
Zakisan	Double dark	0.0	0.0	100.0	0	1	0	0	0	0	0	0.0	0.0	100.0	0	1
Zamiel	Totals	11.74	10.5	89.5	1381	11768	8.28	7.65	92.35	202	2440	12.64	11.22	88.78	1179	9328
Zamiel	Easy	17.28	14.74	85.26	1173	6787	12.33	10.98	89.02	157	1273	18.43	15.56	84.44	1016	5514
Zamiel	Null	9.09	8.33	91.67	36	396	5.78	5.46	94.54	10	173	11.66	10.44	89.56	26	223
Zamiel	Single dark	4.23	4.06	95.94	166	3926	4.02	3.86	96.14	33	821	4.28	4.11	95.89	133	3105
Zamiel	Double dark	0.91	0.9	99.1	6	659	1.16	1.14	98.86	2	173	0.82	0.82	99.18	4	486
